"Link:PlotId","Link:PlotAttributeId","AttributeName","AttributeValue"
"9","8","PID:BLOCK",""
"9","10","PID:PLOT","1"
"9","9","PID:SUBPLOT","1"
"9","7","TREATMENT","topmaize_Nitrogen_200kg/ha"
"9","11","Crop variety_f1","topmaize"
"9","12","Nutrient element type and amount_f2","Nitrogen_200kg/ha"
"10","8","PID:BLOCK",""
"10","10","PID:PLOT","1"
"10","9","PID:SUBPLOT","2"
"10","7","TREATMENT","topmaize_Nitrogen_100kg/ha"
"10","11","Crop variety_f1","topmaize"
"10","12","Nutrient element type and amount_f2","Nitrogen_100kg/ha"
"11","8","PID:BLOCK",""
"11","10","PID:PLOT","2"
"11","9","PID:SUBPLOT","3"
"11","7","TREATMENT","supermaize_Nitrogen_100kg/ha"
"11","11","Crop variety_f1","supermaize"
"11","12","Nutrient element type and amount_f2","Nitrogen_100kg/ha"
"12","8","PID:BLOCK",""
"12","10","PID:PLOT","2"
"12","9","PID:SUBPLOT","4"
"12","7","TREATMENT","supermaize_Nitrogen_200kg/ha"
"12","11","Crop variety_f1","supermaize"
"12","12","Nutrient element type and amount_f2","Nitrogen_200kg/ha"
"13","8","PID:BLOCK",""
"13","10","PID:PLOT","3"
"13","9","PID:SUBPLOT","5"
"13","7","TREATMENT","topmaize_Nitrogen_200kg/ha"
"13","11","Crop variety_f1","topmaize"
"13","12","Nutrient element type and amount_f2","Nitrogen_200kg/ha"
"14","8","PID:BLOCK",""
"14","10","PID:PLOT","3"
"14","9","PID:SUBPLOT","6"
"14","7","TREATMENT","topmaize_Nitrogen_100kg/ha"
"14","11","Crop variety_f1","topmaize"
"14","12","Nutrient element type and amount_f2","Nitrogen_100kg/ha"
"15","8","PID:BLOCK",""
"15","10","PID:PLOT","4"
"15","9","PID:SUBPLOT","7"
"15","7","TREATMENT","supermaize_Nitrogen_100kg/ha"
"15","11","Crop variety_f1","supermaize"
"15","12","Nutrient element type and amount_f2","Nitrogen_100kg/ha"
"16","8","PID:BLOCK",""
"16","10","PID:PLOT","4"
"16","9","PID:SUBPLOT","8"
"16","7","TREATMENT","supermaize_Nitrogen_200kg/ha"
"16","11","Crop variety_f1","supermaize"
"16","12","Nutrient element type and amount_f2","Nitrogen_200kg/ha"
