"SourceInstanceId","TraitName","InstanceNumber","UsedForScoring","SortOrder","Description"
"","Maize_Total aboveground biomass (including ears)_Fresh weight_kg","1","false","1","(p)  Mai_TotAbo_FreW"
"","Maize_Grain_Dry weight_kg","1","true","2","(p)  Mai_Gra_DryW"
"","Land_levelling_start_date","1","false","3","(p)  Lev_StartD"
"","Seeding_start_date","1","false","4","(p)  Seed_StartD"
"","Seeding_rate_kg/ha","1","false","5","(p)  Seed_Rate"
"","Harvest_start_date","1","false","6","(p)  Har_StartD"
"","Emergence_date","1","false","7","(p)  Emergence_D"
