"SourceTraitId","TraitName","TraitLevel","TraitDataType","TraitAlias","TraitUnit","TraitValidation","TraitDescription","Barcode"
"1","Maize_Total aboveground biomass (including ears)_Fresh weight_kg","Plot","DECIMAL","Mai_TotAbo_FreW","kg","RANGE(0.00 <= x <= 100000.00)","Days after planting",""
"2","Maize_Grain_Dry weight_kg","Plot","DECIMAL","Mai_Gra_DryW","kg","RANGE(0.00 <= x <= 100000.00)","Days after planting",""
"3","Emergence_date","Plot","DATE","Emergence_D","dd/mm/yy","CHOICE(DATE)","",""
"5","Land_levelling_start_date","Plot","DATE","Lev_StartD","dd/mm/yy","CHOICE(DATE)","",""
"6","Seeding_start_date","Plot","DATE","Seed_StartD","dd/mm/yy","CHOICE(DATE)","",""
"7","Seeding_rate_kg/ha","Plot","DECIMAL","Seed_Rate","kg/ha","RANGE(0.00 <= x <= 100000.00)","",""
"8","Harvest_start_date","Plot","DATE","Har_StartD","dd/mm/yy","CHOICE(DATE)","",""
